Symbol,Direction,Entry Price,Max Size,Max Size USDT,Realized PnL,Realized PnL %,Open Time,Close Time,Runup,Drawdown
BTCUSDT,Long,"89,500 USDT",0.002,179.00 USDT,0.41 USDT,0.23 %,03/05/2025 13:25 UTC,03/05/2025 13:27 UTC,"0.29 % 89,758 USDT","-0.05 % 89,452 USDT"
BTCUSDT,Short,"89,694.003 USDT",15.428,"-1,416,597.07 USDT","71,258 USDT",5.03 %,11/11/2024 21:56 UTC,03/05/2025 13:25 UTC,"14.34 % 78,448 USDT","-17.73 % 109,017 USDT"
BTCUSDT,Long,"61,396.968 USDT",42.89,"2,428,930.50 USDT","931,545 USDT",38.35 %,08/05/2024 01:17 UTC,11/11/2024 21:51 UTC,"44.14 % 88,499 USDT","-14.46 % 52,520 USDT"
BTCUSDC,Long,"62,888.904 USDT",58.117,"3,388,394.81 USDT","87,817 USDT",2.59 %,06/27/2024 14:11 UTC,08/05/2024 01:10 UTC,"11.39 % 70,049 USDT","-10.13 % 56,516 USDT"
XRPUSDC,Short,0.568 USDT,"7,200","-4,072.48 USDT",100.60 USDT,2.47 %,08/02/2024 06:13 UTC,08/03/2024 17:32 UTC,3.53 % 0.55 USDT,-1.78 % 0.58 USDT
BTCUSDC,Short,"61,289.421 USDT",0.643,"-39,409.10 USDT",87.82 USDT,0.22 %,06/26/2024 07:39 UTC,06/27/2024 12:30 UTC,"1.09 % 60,630 USDT","-1.00 % 61,910 USDT"
BTCUSDC,Long,"61,583.333 USDT",0.27,"16,627.50 USDT",90.67 USDT,0.55 %,06/25/2024 04:43 UTC,06/26/2024 01:16 UTC,"1.33 % 62,400 USDT","-1.65 % 60,570 USDT"
BTCUSDC,Short,"65,657.613 USDT",0.694,"-46,130.62 USDT","5,447 USDT",11.81 %,05/20/2024 23:16 UTC,06/24/2024 20:30 UTC,"11.52 % 58,876 USDT","-8.76 % 71,960 USDT"
BTCUSDT,Short,"60,168.092 USDT",9.2,"-553,546.45 USDT","-73,316.75 USDT",-13.24 %,05/01/2024 02:11 UTC,05/20/2024 19:21 UTC,"5.83 % 56,853 USDT","-12.42 % 68,701 USDT"
BTCUSDC,Short,"60,340.54 USDT",7.9,"-476,690.26 USDT","-60,744.05 USDT",-12.74 %,05/01/2024 02:17 UTC,05/20/2024 19:21 UTC,"6.23 % 56,803 USDT","-12.22 % 68,740 USDT"
BTCUSDC,Short,"61,603.55 USDT",4.6,"-283,376.33 USDT","7,566 USDT",2.67 %,04/30/2024 09:01 UTC,05/01/2024 01:38 UTC,"4.03 % 59,215 USDT","-0.75 % 62,068 USDT"
BTCUSDT,Short,"61,605.186 USDT",4.6,"-283,383.86 USDT","7,608 USDT",2.68 %,04/30/2024 09:03 UTC,05/01/2024 01:37 UTC,"3.93 % 59,274 USDT","-0.78 % 62,087 USDT"
BTCUSDT,Short,"62,869.344 USDT",3.4,"-213,755.77 USDT","1,683 USDT",0.79 %,04/29/2024 09:51 UTC,04/30/2024 08:48 UTC,"1.16 % 62,146 USDT","-2.66 % 64,586 USDT"
BTCUSDC,Short,"62,877.262 USDT",3.4,"-213,782.69 USDT","1,692 USDT",0.79 %,04/29/2024 09:51 UTC,04/30/2024 08:48 UTC,"1.18 % 62,142 USDT","-2.62 % 64,569 USDT"
BTCUSDC,Short,"62,602.477 USDT",4.9,"-307,962.82 USDT","2,557 USDT",0.83 %,04/27/2024 00:59 UTC,04/29/2024 08:05 UTC,"1.00 % 61,985 USDT","-2.54 % 64,231 USDT"
BTCUSDT,Short,"62,617.256 USDT",4.9,"-308,071.76 USDT","2,698 USDT",0.88 %,04/27/2024 00:59 UTC,04/29/2024 08:05 UTC,"1.00 % 62,000 USDT","-2.59 % 64,280 USDT"
BTCUSDC,Short,"64,514.198 USDT",2.3,"-147,788.07 USDT","1,483 USDT",1.00 %,04/25/2024 15:51 UTC,04/27/2024 00:43 UTC,"2.16 % 63,148 USDT","-0.96 % 65,140 USDT"
BTCUSDT,Short,"64,282.592 USDT",9.3,"-596,090.86 USDT","8,837 USDT",1.48 %,04/19/2024 02:30 UTC,04/27/2024 00:43 UTC,"1.77 % 63,167 USDT","-4.24 % 67,126 USDT"
BTCUSDC,Short,"63,937.26 USDT",5.112,"-326,740.37 USDT","4,007 USDT",1.23 %,04/25/2024 02:05 UTC,04/25/2024 13:21 UTC,"1.68 % 62,878 USDT","-0.71 % 64,395 USDT"
BTCUSDC,Short,"64,616.659 USDT",5.7,"-368,314.96 USDT","3,097 USDT",0.84 %,04/19/2024 02:31 UTC,04/25/2024 02:00 UTC,"1.50 % 63,664 USDT","-3.77 % 67,150 USDT"
BTCUSDC,Short,"61,687.5 USDT",2.8,"-172,725.00 USDT","1,207 USDT",0.70 %,04/18/2024 06:43 UTC,04/19/2024 01:44 UTC,"0.95 % 61,108 USDT","-3.50 % 63,924 USDT"
BTCUSDT,Short,"61,741.379 USDT",2.9,"-179,050.00 USDT","1,412 USDT",0.79 %,04/18/2024 06:45 UTC,04/19/2024 01:42 UTC,"0.91 % 61,186 USDT","-3.34 % 63,877 USDT"
BTCUSDC,Short,"61,535.714 USDT",0.7,"-43,075.00 USDT",251.18 USDT,0.58 %,04/18/2024 00:19 UTC,04/18/2024 05:59 UTC,"0.67 % 61,123 USDT","-0.89 % 62,090 USDT"
BTCUSDT,Short,"61,477.462 USDT",0.8,"-49,181.97 USDT",257.72 USDT,0.52 %,04/18/2024 00:19 UTC,04/18/2024 05:59 UTC,"0.57 % 61,129 USDT","-0.97 % 62,080 USDT"
BTCUSDC,Short,"61,250 USDT",0.1,"6,125.00 USDT",24.52 USDT,0.40 %,04/17/2024 23:32 UTC,04/18/2024 00:18 UTC,"0.39 % 61,011 USDT","-0.26 % 61,409 USDT"
BTCUSDT,Short,"61,250 USDT",0.1,"6,125.00 USDT",24.75 USDT,0.40 %,04/18/2024 00:02 UTC,04/18/2024 00:18 UTC,"0.39 % 61,015 USDT","-0.27 % 61,418 USDT"
BTCUSDC,Short,"62,500 USDT",0.3,"-18,750.00 USDT",212.12 USDT,1.13 %,04/17/2024 12:39 UTC,04/17/2024 21:41 UTC,"4.24 % 59,959 USDT","-0.52 % 62,829 USDT"
BTCUSDC,Short,"62,750 USDT",0.1,"6,275.00 USDT",22.03 USDT,0.35 %,04/17/2024 12:02 UTC,04/17/2024 12:26 UTC,"0.25 % 62,591 USDT","-0.06 % 62,785 USDT"
BTCUSDC,Short,"62,994.9 USDT",0.1,"6,299.49 USDT",21.62 USDT,0.34 %,04/17/2024 10:30 UTC,04/17/2024 11:54 UTC,"0.32 % 62,791 USDT","-0.19 % 63,117 USDT"
BTCUSDC,Short,"63,500 USDT",0.1,"6,350.00 USDT",54.78 USDT,0.86 %,04/17/2024 09:07 UTC,04/17/2024 10:14 UTC,"0.93 % 62,913 USDT","0.00 % 63,501 USDT"
BTCUSDC,Short,"63,500 USDT",0.1,"6,350.00 USDT",31.47 USDT,0.50 %,04/17/2024 07:10 UTC,04/17/2024 08:46 UTC,"0.21 % 63,370 USDT","-0.12 % 63,576 USDT"
BTCUSDC,Short,"64,000 USDT",0.3,"-19,200.00 USDT",87.27 USDT,0.45 %,04/17/2024 04:29 UTC,04/17/2024 07:06 UTC,"0.55 % 63,648 USDT","-0.59 % 64,378 USDT"
BTCUSDC,Short,"63,821.023 USDT",0.8,"-51,025.00 USDT",389.16 USDT,0.76 %,04/16/2024 04:49 UTC,04/17/2024 04:11 UTC,"3.36 % 61,746 USDT",
BTCUSDC,Short,"62,500 USDT",0.1,"6,250.00 USDT",31.69 USDT,0.51 %,04/16/2024 04:39 UTC,04/16/2024 04:43 UTC,"0.45 % 62,218 USDT",
BTCUSDC,Short,"63,000 USDT",0.1,"6,300.00 USDT",31.16 USDT,0.49 %,04/16/2024 03:47 UTC,04/16/2024 04:11 UTC,"0.38 % 62,759 USDT","-0.01 % 63,005 USDT"
BTCUSDC,Short,"63,500 USDT",0.1,"6,350.00 USDT",21.47 USDT,0.34 %,04/16/2024 03:01 UTC,04/16/2024 03:17 UTC,"0.25 % 63,343 USDT","-0.02 % 63,515 USDT"
BTCUSDC,Short,"63,250 USDT",0.1,"6,325.00 USDT",45.61 USDT,0.72 %,04/16/2024 01:55 UTC,04/16/2024 02:27 UTC,"0.50 % 62,936 USDT",
BTCUSDT,Short,"63,455.011 USDT",1.6,"-101,520.52 USDT",286.22 USDT,0.28 %,04/16/2024 00:51 UTC,04/16/2024 01:52 UTC,"0.35 % 63,235 USDT","-0.46 % 63,746 USDT"
BTCUSDT,Long,"65,793.986 USDT",50,"3,289,699.29 USDT","-29,989.71 USDT",-0.91 %,04/15/2024 00:12 UTC,04/15/2024 01:48 UTC,"0.07 % 65,842 USDT","-1.20 % 65,005 USDT"
BTCUSDT,Short,"64,653.383 USDT",48,"-3,103,362.37 USDT","-39,310.64 USDT",-1.27 %,04/14/2024 06:14 UTC,04/15/2024 00:12 UTC,"3.00 % 62,772 USDT","-1.66 % 65,743 USDT"
BTCUSDT,Long,"70,474.165 USDT",1.6,"112,758.66 USDT","-3,318.28 USDT",-2.94 %,04/09/2024 10:19 UTC,04/10/2024 12:32 UTC,"0.81 % 71,048 USDT","-3.42 % 68,066 USDT"
BTCUSDT,Short,"66,366.024 USDT",27.808,"-1,845,506.38 USDT","-68,460.65 USDT",-3.71 %,04/04/2024 02:55 UTC,04/04/2024 18:01 UTC,"1.82 % 65,180 USDT","-3.86 % 69,033 USDT"
BALUSDT,Short,3.497 USDT,"1,270","-4,428.44 USDT",112.81 USDT,2.55 %,08/28/2023 06:13 UTC,09/01/2023 15:05 UTC,3.37 % 3.38 USDT,-4.85 % 3.68 USDT
BTCUSDT,Long,"27,286.131 USDT",14,"383,300.00 USDT","-9,401.50 USDT",-2.45 %,08/29/2023 14:46 UTC,09/01/2023 15:05 UTC,"1.42 % 27,674 USDT","-6.34 % 25,555 USDT"
BTCUSDT,Long,"26,154.318 USDT",14.136,"369,717.44 USDT","4,640 USDT",1.26 %,08/23/2023 23:54 UTC,08/29/2023 14:21 UTC,"2.24 % 26,740 USDT","-1.53 % 25,754 USDT"
BTCUSDT,Long,"25,939.902 USDT",5,"129,699.51 USDT","1,380 USDT",1.06 %,08/23/2023 01:22 UTC,08/23/2023 16:19 UTC,"1.81 % 26,410 USDT","-0.54 % 25,800 USDT"
BTCUSDT,Short,"26,039.816 USDT",5,"-129,932.11 USDT","1,115 USDT",0.86 %,08/19/2023 00:23 UTC,08/22/2023 16:33 UTC,"0.76 % 25,842 USDT","-0.39 % 26,142 USDT"
BTCUSDT,Short,"26,470 USDT",1.5,"-39,705.00 USDT",875.30 USDT,2.20 %,08/18/2023 01:24 UTC,08/18/2023 17:07 UTC,"2.56 % 25,808 USDT","-0.70 % 26,656 USDT"
GRTUSDT,Long,0.089 USDT,"111,000","9,835.84 USDT",73.14 USDT,0.74 %,08/17/2023 23:23 UTC,08/18/2023 00:49 UTC,1.97 % 0.09 USDT,-1.33 % 0.09 USDT
GRTUSDT,Short,0.102 USDT,"241,819","-24,565.05 USDT","2,755 USDT",11.22 %,08/16/2023 08:23 UTC,08/17/2023 23:23 UTC,23.89 % 0.08 USDT,-0.46 % 0.10 USDT
BTCUSDT,Short,"28,543 USDT",1,"28,543.00 USDT",892.69 USDT,3.13 %,08/17/2023 12:33 UTC,08/17/2023 21:42 UTC,"4.37 % 27,348 USDT","-0.01 % 28,546 USDT"
GRTUSDT,Long,0.115 USDT,"1,747,801","200,215.72 USDT","-22,123.03 USDT",-11.05 %,07/18/2023 16:46 UTC,08/16/2023 08:23 UTC,6.50 % 0.12 USDT,-17.19 % 0.09 USDT
XRPUSDT,Long,0.668 USDT,"681,739.6","455,722.87 USDT","-44,356.36 USDT",-9.73 %,07/18/2023 12:52 UTC,08/15/2023 19:09 UTC,28.04 % 0.86 USDT,-14.58 % 0.57 USDT
CRVUSDT,Short,0.611 USDT,"79,000","-48,229.82 USDT",499.63 USDT,1.04 %,08/03/2023 09:24 UTC,08/09/2023 22:53 UTC,3.17 % 0.59 USDT,-9.52 % 0.68 USDT
BTCUSDT,Long,"29,197.056 USDT",5.9,"172,262.63 USDT","2,496 USDT",1.45 %,07/30/2023 10:53 UTC,08/09/2023 22:29 UTC,"3.61 % 30,250 USDT","-2.22 % 28,550 USDT"
YGGUSDT,Short,0.609 USDT,"18,900","-11,516.40 USDT","3,322 USDT",28.85 %,08/06/2023 08:34 UTC,08/07/2023 16:12 UTC,57.17 % 0.39 USDT,-14.96 % 0.72 USDT
WLDUSDT,Short,2.319 USDT,"2,700","-6,256.44 USDT",628.46 USDT,10.05 %,07/27/2023 08:35 UTC,08/07/2023 07:39 UTC,15.01 % 2.02 USDT,-7.42 % 2.50 USDT
CRVUSDT,Short,0.621 USDT,"5,000","-3,087.50 USDT",233.10 USDT,7.55 %,08/01/2023 08:23 UTC,08/02/2023 05:26 UTC,8.16 % 0.57 USDT,
CRVUSDT,Short,0.596 USDT,"52,154","-32,730.72 USDT","3,668 USDT",11.21 %,07/31/2023 01:23 UTC,08/01/2023 07:56 UTC,21.14 % 0.49 USDT,-8.73 % 0.65 USDT
SUIUSDT,Short,0.636 USDT,"171,889.1","-109,218.33 USDT","1,723 USDT",1.58 %,07/25/2023 05:15 UTC,07/30/2023 20:02 UTC,3.17 % 0.62 USDT,-1.23 % 0.64 USDT
SUIUSDT,Short,0.67 USDT,"225,076.1","-150,838.75 USDT","8,362 USDT",5.54 %,07/21/2023 09:28 UTC,07/24/2023 10:18 UTC,7.42 % 0.62 USDT,-4.77 % 0.70 USDT
STMXUSDT,Short,0.007 USDT,"687,757","-4,993.12 USDT",485.37 USDT,9.72 %,07/24/2023 05:24 UTC,07/24/2023 08:50 UTC,11.35 % 0.01 USDT,
LINKUSDT,Short,8.134 USDT,"9,957.85","-80,999.93 USDT","2,107 USDT",2.60 %,07/21/2023 07:58 UTC,07/23/2023 03:49 UTC,3.11 % 7.89 USDT,-1.37 % 8.25 USDT
AGIXUSDT,Short,0.242 USDT,"22,000","-5,314.97 USDT",81.85 USDT,1.54 %,07/18/2023 16:48 UTC,07/20/2023 06:49 UTC,4.38 % 0.23 USDT,
